{"version": "1774748552", "trained_at": 1774748552.1705554, "threshold": 0.08984267211794038, "feature_count": 12}