{"version": "1774846138", "trained_at": 1774846138.8984451, "threshold": 0.39646793503872774, "feature_count": 12}