{"version": "1774817527", "trained_at": 1774817527.7264903, "threshold": 0.0024431513999606936, "feature_count": 12}