{"engine": "heuristic", "enabled": false, "training": {"running": false, "started_at": 1774816526.293055, "packets_seen": 57788, "packets_trained": 57000, "buffer_size": 1000, "current_buffer_count": 788, "batches_completed": 57, "last_threshold": 0.0024431513999606936, "last_checkpoint_at": 1774817527.7294462, "last_error": null, "phase": "stopped"}, "detection": {"running": false, "model_loaded": true, "model_version": "1774817527", "last_alert_at": 1774817607.3665814, "last_error": null}, "model": {"exists": true, "version": "1774817527", "trained_at": 1774817527.7264903, "threshold": 0.0024431513999606936, "feature_count": 12}}